all-purpose flour,flour
whole wheat flour,"flour, whol"
baking soda,
salt,
butter,butter
white sugar,sugar
vanilla extract,
chocolate chips,
eggs,
eggyolk,
brown sugar,sugar
water,
ounce) package yellow cake mix,
walnuts,
shortening,
coffee-flavored liqueur,
baking powder,
chopped pecans,
almonds,
milk,
cream of tartar,
instant espresso coffee powder,
vegetable oil,
margarine,
ground white pepper,
cinnamon,
cloves,
raisins,
applesauce,
bananas,
honey,
coconut,
pumpkin puree,
confectioners' sugar,
oatmeal,
oats,
zucchini,
granola,
nutmeg,
apple,
cranberries,
white chocolate,
molasses,
whipping cream,
orange zest,
orange extract,
rice cereal,
toffee,
cocoa powder,
canola oil,
chicken broth,
cream of chicken soup,
cream of mushroom soup,
chicken meat,
onion powder,
garlic powder,
garlic,
black peppercorns,
onion,
fresh thyme,
italian seasoning,
celery,
black pepper,
corn,
chicken meat,
carrot,
lemongrass,
potato,
dried thyme,
dried sage,
dried basil,
dried parsley,
dried oregano,
dried marjoram,
fresh parsley,
olive oil,
tomato,
pasta,
pesto,
parmesan cheese,
bell pepper,
red curry paste,
rice noodles,
beef bouillon,
poultry seasoning,
vegetable broth,
pepper flakes,
soy sauce,
ginger,
bay leaf,
farfalle,
ramen noodles,
fennel bulb,
white wine,
lemon juice,
kohlrabi bulb,
fresh rosemary,
chicken bouillon,
